metrics/precision(B),metrics/recall(B),metrics/mAP50(B),metrics/mAP50-95(B),fitness
0.8858110709416163,0.8849529813338397,0.9306709676115051,0.6731282123373216,0.6988824878647399
