{
  "metrics/precision(B)": 0.8858110709416163,
  "metrics/recall(B)": 0.8849529813338397,
  "metrics/mAP50(B)": 0.9306709676115051,
  "metrics/mAP50-95(B)": 0.6731282123373216,
  "fitness": 0.6988824878647399
}